{
  "textures": {
    "valley": [
      "antique_atlas:biome/wetland/swamp/swamp_water_oak_swamp_1",
      "antique_atlas:biome/wetland/swamp/swamp_water_oak_swamp_2",
      "antique_atlas:biome/wetland/swamp/swamp_water_oak_swamp_3",
      "antique_atlas:biome/wetland/swamp/swamp_water_oak_swamp_sparse_1",
      "antique_atlas:biome/wetland/swamp/swamp_water_oak_swamp_sparse_2"
    ],
    "high": {
      "antique_atlas:biome/wetland/swamp/swamp_water_grass_hills":1,
      "antique_atlas:biome/wetland/swamp/swamp_water_grass_oak_swamp_hills_1":1,
      "antique_atlas:biome/wetland/swamp/swamp_water_grass_oak_swamp_hills_2":1,
      "antique_atlas:biome/wetland/swamp/swamp_water_grass_oak_swamp_hills_3":1,
      "antique_atlas:biome/wetland/swamp/swamp_water_grass_oak_swamp_hills_4":1,
      "antique_atlas:biome/wetland/swamp/swamp_water_oak_swamp_1":2,
      "antique_atlas:biome/wetland/swamp/swamp_water_oak_swamp_2":2,
      "antique_atlas:biome/wetland/swamp/swamp_water_oak_swamp_3":2,
      "antique_atlas:biome/wetland/swamp/swamp_water_oak_swamp_sparse_1":2,
      "antique_atlas:biome/wetland/swamp/swamp_water_oak_swamp_sparse_2":2
    }
  }
}
